{"stats":{"minecraft:dropped":{"minecraft:stick":1},"minecraft:picked_up":{"minecraft:stick":3,"minecraft:cooked_beef":1,"minecraft:ladder":2,"minecraft:tripwire_hook":4,"minecraft:lightning_rod":1,"minecraft:stone_button":2,"minecraft:grass_block":1,"minecraft:redstone":3,"minecraft:string":1,"minecraft:oak_wood":1,"minecraft:item_frame":1,"minecraft:bone":1,"minecraft:repeating_command_block":2,"minecraft:command_block":1,"minecraft:oak_sign":1,"minecraft:slime_block":1,"minecraft:redstone_torch":1},"minecraft:used":{"minecraft:redstone_torch":21,"minecraft:sticky_piston":5,"minecraft:glass":2,"minecraft:enderman_spawn_egg":1,"minecraft:black_wool":9,"minecraft:green_concrete":6,"minecraft:light":84,"minecraft:black_concrete":43,"minecraft:cobblestone_stairs":17,"minecraft:string":3,"minecraft:command_block":37,"minecraft:slime_block":6,"minecraft:light_gray_concrete":7,"minecraft:ladder":28,"minecraft:lantern":3,"minecraft:grass_block":98,"minecraft:barrier":112,"minecraft:oak_planks":382,"minecraft:redstone":38,"minecraft:carrot_on_a_stick":8,"minecraft:quartz_block":4,"minecraft:stone_button":3,"minecraft:oak_sign":37,"minecraft:red_terracotta":117,"minecraft:stone":757,"minecraft:item_frame":1,"minecraft:debug_stick":101,"minecraft:tripwire_hook":6,"minecraft:polished_blackstone_pressure_plate":15,"minecraft:torch":8,"minecraft:repeater":43,"minecraft:iron_trapdoor":120,"minecraft:oak_slab":364,"minecraft:chain_command_block":7,"minecraft:ice":24,"minecraft:repeating_command_block":29,"minecraft:oak_wood":3343,"minecraft:orange_terracotta":75,"minecraft:polished_diorite":2},"minecraft:custom":{"minecraft:time_since_rest":124380,"minecraft:sprint_one_cm":792958,"minecraft:damage_taken":3495,"minecraft:walk_one_cm":438879,"minecraft:drop":1,"minecraft:damage_dealt":3772,"minecraft:fly_one_cm":1381098,"minecraft:crouch_one_cm":68379,"minecraft:play_time":451408,"minecraft:deaths":2,"minecraft:sneak_time":21590,"minecraft:jump":3042,"minecraft:leave_game":8,"minecraft:time_since_death":124354,"minecraft:climb_one_cm":4701,"minecraft:total_world_time":470377,"minecraft:fall_one_cm":570584}},"DataVersion":3105}