{"stats":{"minecraft:custom":{"minecraft:jump":300,"minecraft:time_since_rest":12498,"minecraft:leave_game":1,"minecraft:damage_dealt":200,"minecraft:crouch_one_cm":818,"minecraft:sprint_one_cm":73163,"minecraft:play_time":12498,"minecraft:damage_taken":235,"minecraft:time_since_death":12498,"minecraft:walk_one_cm":28299,"minecraft:sneak_time":208,"minecraft:climb_one_cm":99,"minecraft:total_world_time":12498,"minecraft:drop":2,"minecraft:fall_one_cm":96519,"minecraft:fly_one_cm":70189},"minecraft:used":{"minecraft:redstone":1},"minecraft:mined":{"minecraft:repeater":1,"minecraft:redstone_wire":2},"minecraft:picked_up":{"minecraft:repeater":1,"minecraft:redstone":2},"minecraft:dropped":{"minecraft:repeater":1,"minecraft:redstone":1}},"DataVersion":3105}