{"stats":{"minecraft:picked_up":{"minecraft:lightning_rod":1,"minecraft:stick":3,"minecraft:bone":1},"minecraft:mined":{"minecraft:slime_block":1},"minecraft:custom":{"minecraft:jump":1278,"minecraft:time_since_rest":66998,"minecraft:damage_dealt":2294,"minecraft:leave_game":3,"minecraft:crouch_one_cm":932,"minecraft:play_time":66998,"minecraft:sprint_one_cm":335710,"minecraft:damage_taken":2482,"minecraft:time_since_death":66998,"minecraft:walk_one_cm":219324,"minecraft:sneak_time":175,"minecraft:total_world_time":66998,"minecraft:climb_one_cm":2684,"minecraft:fall_one_cm":405980,"minecraft:drop":10,"minecraft:fly_one_cm":311356},"minecraft:dropped":{"minecraft:lightning_rod":2,"minecraft:bone":2,"minecraft:stick":5,"minecraft:cooked_beef":1}},"DataVersion":3105}