{"stats":{"minecraft:dropped":{"minecraft:crimson_planks":1,"minecraft:cobweb":1,"minecraft:chain":1,"minecraft:stone":1,"minecraft:iron_bars":1,"minecraft:mangrove_roots":1,"minecraft:flowering_azalea_leaves":1,"minecraft:deepslate_copper_ore":1,"minecraft:tuff":1,"minecraft:glass_pane":1,"minecraft:acacia_planks":1,"minecraft:bone":1},"minecraft:picked_up":{"minecraft:dirt":1},"minecraft:used":{"minecraft:iron_bars":2,"minecraft:dirt":1,"minecraft:mangrove_roots":17,"minecraft:deepslate_copper_ore":3,"minecraft:chain":2,"minecraft:glass_pane":2,"minecraft:tuff":5,"minecraft:stone":29,"minecraft:acacia_planks":1,"minecraft:crimson_planks":2,"minecraft:flowering_azalea_leaves":36},"minecraft:custom":{"minecraft:time_since_rest":33328,"minecraft:crouch_one_cm":5009,"minecraft:play_time":33328,"minecraft:sprint_one_cm":136461,"minecraft:damage_taken":802,"minecraft:walk_one_cm":67925,"minecraft:sneak_time":1801,"minecraft:drop":12,"minecraft:jump":684,"minecraft:damage_dealt":458,"minecraft:leave_game":1,"minecraft:time_since_death":33328,"minecraft:total_world_time":33328,"minecraft:climb_one_cm":2404,"minecraft:fall_one_cm":263761,"minecraft:fly_one_cm":267001},"minecraft:mined":{"minecraft:grass_block":1}},"DataVersion":3105}